{
  "apfd": 0.5018512115950782,
  "apfd_baseline": 0.5018512115950782,
  "delta_apfd": 0.0,
  "fault_retention_ratio": 1.0,
  "recall_at_k": 0.0009813542688910696,
  "precision_at_k": 0.1,
  "k": 10,
  "num_tests_ranked": 6500,
  "num_failures_current": 1019,
  "train_time_s": 0.45787858963012695,
  "gpu_mem_mb": 0.0,
  "peak_nodes": 6500,
  "peak_edges": 20
}